Name,CMC,Type,Color,Set,Collector Number,Status,Finish,Maybeboard,Image URL,Tags
"Adorable Kitten",1,"Host Creature - Cat",W,"ust","1",Not Owned,Non-foil,false,,""
"Soul Warden",1,"Creature - Human Cleric",W,"mb1","241",Not Owned,Non-foil,false,,""
"Weathered Wayfarer",1,"Creature - Human Nomad Cleric",W,"mb1","274",Not Owned,Non-foil,false,,""
"Adorned Pouncer",2,"Creature - Cat",W,"mb1","11",Not Owned,Non-foil,false,,""
"Daring Skyjek",2,"Creature - Human Knight",W,"mb1","67",Not Owned,Non-foil,false,,""
"Hidden Dragonslayer",2,"Creature - Human Warrior",W,"dtk","23",Not Owned,Non-foil,false,,""
"Serra Avenger",2,"Creature - Angel",W,"m13","33",Not Owned,Non-foil,false,,""
"Tithe Taker",2,"Creature - Human Soldier",W,"rna","27",Not Owned,Non-foil,false,,""
"True Believer",2,"Creature - Human Cleric",W,"10e","53★",Not Owned,Non-foil,false,,""
"Aven Mindcensor",3,"Creature - Bird Wizard",W,"akh","5",Not Owned,Non-foil,false,,""
"Bygone Bishop",3,"Creature - Spirit Cleric",W,"soi","8",Not Owned,Non-foil,false,,""
"Diving Griffin",3,"Creature - Griffin",W,"8ed","17",Not Owned,Non-foil,false,,""
"Frontline Medic",3,"Creature - Human Cleric",W,"gtc","12",Not Owned,Non-foil,false,,""
"Kinjalli's Sunwing",3,"Creature - Dinosaur",W,"xln","19",Not Owned,Non-foil,false,,""
"Master Trinketeer",3,"Creature - Dwarf Artificer",W,"kld","21",Not Owned,Non-foil,false,,""
"Mirror Entity",3,"Creature - Shapeshifter",W,"mb1","179",Not Owned,Non-foil,false,,""
"Ordinary Pony",3,"Host Creature - Horse",W,"ust","17",Not Owned,Non-foil,false,,""
"Pianna, Nomad Captain",3,"Legendary Creature - Human Nomad",W,"ody","39",Not Owned,Non-foil,false,,""
"Proud Mentor",3,"Creature - Human Warrior",W,"bbd","20",Not Owned,Non-foil,false,,""
"Roc Egg",3,"Creature - Bird Egg",W,"c19","73",Not Owned,Non-foil,false,,""
"Thraben Doomsayer",3,"Creature - Human Cleric",W,"dka","25",Not Owned,Non-foil,false,,""
"Aetherstorm Roc",4,"Creature - Bird",W,"kld","3",Not Owned,Non-foil,false,,""
"Galepowder Mage",4,"Creature - Kithkin Wizard",W,"ddi","12",Not Owned,Non-foil,false,,""
"High Sentinels of Arashin",4,"Creature - Bird Soldier",W,"ktk","13",Not Owned,Non-foil,false,,""
"Belfry Spirit",5,"Creature - Spirit",W,"gk2","29",Not Owned,Non-foil,false,,""
"Herald of War",5,"Creature - Angel",W,"avr","24",Not Owned,Non-foil,false,,""
"Lightwielder Paladin",5,"Creature - Human Knight",W,"e01","14",Not Owned,Non-foil,false,,""
"Pulmonic Sliver",5,"Creature - Sliver",W,"tsp","36",Not Owned,Non-foil,false,,""
"Wingmate Roc",5,"Creature - Bird",W,"c19","78",Not Owned,Non-foil,false,,""
"Mirror-Sigil Sergeant",6,"Creature - Rhino Soldier",W,"con","12",Not Owned,Non-foil,false,,""
"Akroma, Angel of Wrath",8,"Legendary Creature - Angel",W,"a25","2",Not Owned,Non-foil,false,,""
"Ajani, Adversary of Tyrants",4,"Legendary Planeswalker - Ajani",W,"m19","3",Not Owned,Non-foil,false,,""
"Gideon, Ally of Zendikar",4,"Legendary Planeswalker - Gideon",W,"bfz","29",Not Owned,Non-foil,false,,""
"Chivalrous Chevalier",5,"Artifact Creature - Cyborg Knight",W,"ust","5",Not Owned,Non-foil,false,,""
"Alley Evasion",1,"Instant",W,"mb1","15",Not Owned,Non-foil,false,,""
"Condemn",1,"Instant",W,"c17","58",Not Owned,Non-foil,false,,""
"Djeru's Resolve",1,"Instant",W,"mb1","82",Not Owned,Non-foil,false,,""
"Harm's Way",1,"Instant",W,"ddg","23",Not Owned,Non-foil,false,,""
"Mana Tithe",1,"Instant",W,"mb1","171",Not Owned,Non-foil,false,,""
"Disenchant",2,"Instant",W,"mb1","77",Not Owned,Non-foil,false,,""
"Eerie Interlude",3,"Instant",W,"soi","16",Not Owned,Non-foil,false,,""
"Exile",3,"Instant",W,"6ed","21",Not Owned,Non-foil,false,,""
"Divine Deflection",1,"Instant",W,"avr","18",Not Owned,Non-foil,false,,""
"Retribution of the Meek",3,"Sorcery",W,"vis","19",Not Owned,Non-foil,false,,""
"Cataclysm",4,"Sorcery",W,"v14","3",Not Owned,Non-foil,false,,""
"Divine Reckoning",4,"Sorcery",W,"c19","62",Not Owned,Non-foil,false,,""
"Dusk // Dawn",9,"Sorcery",W,"c19","63",Not Owned,Non-foil,false,,""
"Global Ruin",5,"Sorcery",W,"inv","18",Not Owned,Non-foil,false,,""
"Increasing Devotion",5,"Sorcery",W,"c19","66",Not Owned,Non-foil,false,,""
"Rout",5,"Sorcery",W,"c17","71",Not Owned,Non-foil,false,,""
"Feudkiller's Verdict",6,"Tribal Sorcery - Giant",W,"mma","15",Not Owned,Non-foil,false,,""
"Nomads' Assembly",6,"Sorcery",W,"c14","82",Not Owned,Non-foil,false,,""
"Phyrexian Rebirth",6,"Sorcery",W,"c19","68",Not Owned,Non-foil,false,,""
"Planar Cleansing",6,"Sorcery",W,"m20","33",Not Owned,Non-foil,false,,""
"Cartouche of Solidarity",1,"Enchantment - Aura Cartouche",W,"mb1","45",Not Owned,Non-foil,false,,""
"Porphyry Nodes",1,"Enchantment",W,"plc","28",Not Owned,Non-foil,false,,""
"Intangible Virtue",2,"Enchantment",W,"c19","67",Not Owned,Non-foil,false,,""
"Sacred Ground",2,"Enchantment",W,"9ed","37",Not Owned,Non-foil,false,,""
"Soulcatchers' Aerie",2,"Enchantment",W,"jud","25",Not Owned,Non-foil,false,,""
"Spirit Loop",2,"Enchantment - Aura",W,"tsp","42",Not Owned,Non-foil,false,,""
"Gift of Immortality",3,"Enchantment - Aura",W,"ths","14",Not Owned,Non-foil,false,,""
"Trial of Solidarity",3,"Enchantment",W,"akh","34",Not Owned,Non-foil,false,,""
"Heliod's Emissary",4,"Enchantment Creature - Elk",W,"ths","18",Not Owned,Non-foil,false,,""
"Hedron Crab",1,"Creature - Crab",U,"mb1","398",Not Owned,Non-foil,false,,""
"Coralhelm Guide",2,"Creature - Merfolk Scout Ally",U,"mb1","333",Not Owned,Non-foil,false,,""
"Dream Thrush",2,"Creature - Bird",U,"inv","53",Not Owned,Non-foil,false,,""
"Dreamscape Artist",2,"Creature - Human Spellshaper",U,"uma","52",Not Owned,Non-foil,false,,""
"Lighthouse Chronologist",2,"Creature - Human Wizard",U,"roe","75",Not Owned,Non-foil,false,,""
"Storm Crow",0,"Token Creature - Bird",U,"tust","5",Not Owned,Non-foil,false,,""
"Stratus Dancer",2,"Creature - Djinn Monk",U,"c19","96",Not Owned,Non-foil,false,,""
"Timestream Navigator",2,"Creature - Human Pirate Wizard",U,"rix","59",Not Owned,Non-foil,false,,""
"Willbender",2,"Creature - Human Wizard",U,"c19","102",Not Owned,Non-foil,false,,""
"Exultant Cultist",3,"Creature - Human Wizard",U,"emn","59",Not Owned,Non-foil,false,,""
"Hinterland Drake",3,"Creature - Drake",U,"mb1","401",Not Owned,Non-foil,false,,""
"Keeper of the Nine Gales",3,"Creature - Bird Wizard",U,"lgn","42",Not Owned,Non-foil,false,,""
"Leech Bonder",3,"Creature - Merfolk Soldier",U,"shm","43",Not Owned,Non-foil,false,,""
"Raven Familiar",3,"Creature - Bird",U,"c13","55",Not Owned,Non-foil,false,,""
"Shaper Parasite",3,"Creature - Illusion",U,"mb1","485",Not Owned,Non-foil,false,,""
"Simic Fluxmage",3,"Creature - Merfolk Wizard",U,"gtc","49",Not Owned,Non-foil,false,,""
"Stealer of Secrets",3,"Creature - Human Rogue",U,"w17","13",Not Owned,Non-foil,false,,""
"Wormfang Drake",3,"Creature - Nightmare Drake",U,"jud","57",Not Owned,Non-foil,false,,""
"Chronozoa",4,"Creature - Illusion",U,"plc","37",Not Owned,Non-foil,false,,""
"Numbing Jellyfish",4,"Host Creature - Jellyfish",U,"ust","42",Not Owned,Non-foil,false,,""
"Reef Worm",4,"Creature - Worm",U,"a25","70",Not Owned,Non-foil,false,,""
"Sakashima's Student",4,"Creature - Human Ninja",U,"pca","24",Not Owned,Non-foil,false,,""
"Somnophore",4,"Creature - Illusion",U,"usg","97",Not Owned,Non-foil,false,,""
"Whirler Rogue",4,"Creature - Human Rogue Artificer",U,"gnt","25",Not Owned,Non-foil,false,,""
"Wonder",4,"Creature - Incarnation",U,"cm2","56",Not Owned,Non-foil,false,,""
"Clocknapper",5,"Creature - Human Spy",U,"ust","29",Not Owned,Non-foil,false,,""
"Deepglow Skate",5,"Creature - Fish",U,"mb1","347",Not Owned,Non-foil,false,,""
"Djinn of Wishes",5,"Creature - Djinn",U,"mb1","354",Not Owned,Non-foil,false,,""
"Magus of the Future",5,"Creature - Human Wizard",U,"fut","40",Not Owned,Non-foil,false,,""
"Mulldrifter",5,"Creature - Elemental",U,"mb1","437",Not Owned,Non-foil,false,,""
"Scalpelexis",5,"Creature - Beast",U,"10e","105★",Not Owned,Non-foil,false,,""
"Vesuvan Shapeshifter",5,"Creature - Shapeshifter",U,"c19","101",Not Owned,Non-foil,false,,""
"Brine Elemental",6,"Creature - Elemental",U,"mb1","303",Not Owned,Non-foil,false,,""
"Sphinx of the Final Word",7,"Creature - Sphinx",U,"ogw","63",Not Owned,Non-foil,false,,""
"Jace, Unraveler of Secrets",5,"Legendary Planeswalker - Jace",U,"soi","69",Not Owned,Non-foil,false,,""
"Esperzoa",3,"Artifact Creature - Jellyfish",U,"mma","43",Not Owned,Non-foil,false,,""
"Brainstorm",1,"Instant",U,"mb1","301",Not Owned,Non-foil,false,,""
"Divert",1,"Instant",U,"ody","82",Not Owned,Non-foil,false,,""
"Opt",1,"Instant",U,"mb1","451",Not Owned,Non-foil,false,,""
"Swan Song",1,"Instant",U,"c16","98",Not Owned,Non-foil,false,,""
"Unsummon",1,"Instant",U,"m20","78",Not Owned,Non-foil,false,,""
"Counterspell",2,"Instant",U,"mb1","336",Not Owned,Non-foil,false,,""
"Redirect",2,"Instant",U,"m13","64",Not Owned,Non-foil,false,,""
"Revolutionary Rebuff",2,"Instant",U,"kld","61",Not Owned,Non-foil,false,,""
"Dissolve",3,"Instant",U,"ima","51",Not Owned,Non-foil,false,,""
"Dream Fracture",3,"Instant",U,"cns","95",Not Owned,Non-foil,false,,""
"Fated Infatuation",3,"Instant",U,"bng","39",Not Owned,Non-foil,false,,""
"Forbidden Alchemy",3,"Instant",BU,"mb1","385",Not Owned,Non-foil,false,,""
"Spell Crumple",3,"Instant",U,"cm2","50",Not Owned,Non-foil,false,,""
"Force of Will",5,"Instant",U,"ema","49",Not Owned,Non-foil,false,,""
"Condescend",1,"Instant",U,"mb1","328",Not Owned,Non-foil,false,,""
"Preordain",1,"Sorcery",U,"mb1","460",Not Owned,Non-foil,false,,""
"Sleight of Hand",1,"Sorcery",U,"uma","70",Not Owned,Non-foil,false,,""
"Fade Away",3,"Sorcery",U,"exo","34",Not Owned,Non-foil,false,,""
"Telemin Performance",5,"Sorcery",U,"con","35",Not Owned,Non-foil,false,,""
"Karn's Temporal Sundering",6,"Legendary Sorcery",U,"dom","55",Not Owned,Non-foil,false,,""
"Stolen Identity",6,"Sorcery",U,"gk1","2",Not Owned,Non-foil,false,,""
"Unstable Mutation",1,"Enchantment - Aura",U,"uma","80",Not Owned,Non-foil,false,,""
"Cartouche of Knowledge",2,"Enchantment - Aura Cartouche",U,"mb1","309",Not Owned,Non-foil,false,,""
"Ice Over",2,"Enchantment - Aura",U,"aer","35",Not Owned,Non-foil,false,,""
"Control Magic",4,"Enchantment - Aura",U,"cma","34",Not Owned,Non-foil,false,,""
"Corrupted Conscience",5,"Enchantment - Aura",U,"mb1","335",Not Owned,Non-foil,false,,""
"Inexorable Tide",5,"Enchantment",U,"mm2","49",Not Owned,Non-foil,false,,""
"Mist of Stagnation",5,"Enchantment",U,"jud","48",Not Owned,Non-foil,false,,""
"Thassa's Emissary",4,"Enchantment Creature - Crab",U,"ths","68",Not Owned,Non-foil,false,,""
"Mindlash Sliver",1,"Creature - Sliver",B,"tsp","118",Not Owned,Non-foil,false,,""
"Ruthless Ripper",1,"Creature - Human Assassin",B,"a25","107",Not Owned,Non-foil,false,,""
"Snickering Squirrel",1,"Creature - Squirrel Advisor",B,"ust","68",Not Owned,Non-foil,false,,""
"Black Cat",2,"Creature - Zombie Cat",B,"mb1","573",Not Owned,Non-foil,false,,""
"Dirty Rat",2,"Host Creature - Rat",B,"ust","53",Not Owned,Non-foil,false,,""
"Gloom Surgeon",2,"Creature - Spirit",B,"avr","104",Not Owned,Non-foil,false,,""
"Nezumi Graverobber",2,"Creature - Rat Rogue",B,"cm2","71",Not Owned,Non-foil,false,,""
"Silent Assassin",2,"Creature - Human Mercenary Assassin",B,"mmq","160",Not Owned,Non-foil,false,,""
"Silumgar Assassin",2,"Creature - Human Assassin",B,"c19","128",Not Owned,Non-foil,false,,""
"Skirsdag High Priest",2,"Creature - Human Cleric",B,"c14","163",Not Owned,Non-foil,false,,""
"Stromgald Crusader",2,"Creature - Zombie Knight",B,"csp","71",Not Owned,Non-foil,false,,""
"Cunning Lethemancer",3,"Creature - Human Wizard",B,"ala","69",Not Owned,Non-foil,false,,""
"Dusk Urchins",3,"Creature - Ouphe",B,"shm","65",Not Owned,Non-foil,false,,""
"Fleshbag Marauder",3,"Creature - Zombie Warrior",B,"gnt","29",Not Owned,Non-foil,false,,""
"Geralf's Messenger",3,"Creature - Zombie",B,"dka","63",Not Owned,Non-foil,false,,""
"Liliana, Heretical Healer",3,"Legendary Creature - Human Cleric",B,"v17","14",Not Owned,Non-foil,false,,""
"Maralen of the Mornsong",3,"Legendary Creature - Elf Wizard",B,"mor","65",Not Owned,Non-foil,false,,""
"Steady-Handed Mook",3,"Creature - Human Rigger",B,"ust","71",Not Owned,Non-foil,false,,""
"Undercity Informer",3,"Creature - Human Rogue",B,"gtc","82",Not Owned,Non-foil,false,,""
"Abyssal Persecutor",4,"Creature - Demon",B,"ima","78",Not Owned,Non-foil,false,,""
"Big Boa Constrictor",4,"Host Creature - Snake",B,"ust","51",Not Owned,Non-foil,false,,""
"Gravedigger",4,"Creature - Zombie",B,"mb1","674",Not Owned,Non-foil,false,,""
"Nekrataal",4,"Creature - Human Assassin",B,"ema","99",Not Owned,Non-foil,false,,""
"Toxin Sliver",4,"Creature - Sliver",B,"mb1","798",Not Owned,Non-foil,false,,""
"Corpse Connoisseur",5,"Creature - Zombie Wizard",B,"mm3","61",Not Owned,Non-foil,false,,""
"Stinging Scorpion",5,"Host Creature - Scorpion",B,"ust","72",Not Owned,Non-foil,false,,""
"Kothophed, Soul Hoarder",6,"Legendary Creature - Demon",B,"ori","104",Not Owned,Non-foil,false,,""
"Tetzimoc, Primal Death",6,"Legendary Creature - Elder Dinosaur",B,"rix","86",Not Owned,Non-foil,false,,""
"Phage the Untouchable",7,"Legendary Creature - Avatar Minion",B,"cns","120",Not Owned,Non-foil,false,,""
"Griselbrand",8,"Legendary Creature - Demon",B,"mm3","72",Not Owned,Non-foil,false,,""
"Executioner's Capsule",1,"Artifact",B,"mb1","650",Not Owned,Non-foil,false,,""
"Dark Ritual",1,"Instant",B,"mb1","611",Not Owned,Non-foil,false,,""
"Ulcerate",1,"Instant",B,"ima","112",Not Owned,Non-foil,false,,""
"Go for the Throat",2,"Instant",B,"mb1","670",Not Owned,Non-foil,false,,""
"Grasp of Darkness",2,"Instant",B,"ogw","85",Not Owned,Non-foil,false,,""
"Urborg Justice",2,"Instant",B,"wth","84",Not Owned,Non-foil,false,,""
"Rescue from the Underworld",5,"Instant",B,"ths","102",Not Owned,Non-foil,false,,""
"Chainer's Edict",2,"Sorcery",B,"uma","89",Not Owned,Non-foil,false,,""
"Demonic Tutor",2,"Sorcery",B,"mb1","620",Not Owned,Non-foil,false,,""
"Smallpox",2,"Sorcery",B,"ddr","61",Not Owned,Non-foil,false,,""
"Stitch Together",2,"Sorcery",B,"c18","119",Not Owned,Non-foil,false,,""
"Bontu's Last Reckoning",3,"Sorcery",B,"hou","60",Not Owned,Non-foil,false,,""
"Cry of the Carnarium",3,"Sorcery",B,"rna","70",Not Owned,Non-foil,false,,""
"Golden Demise",3,"Sorcery",B,"rix","73",Not Owned,Non-foil,false,,""
"Grim Captain's Call",3,"Sorcery",B,"xln","108",Not Owned,Non-foil,false,,""
"Hand of Death",3,"Sorcery",B,"s00","25",Not Owned,Non-foil,false,,""
"Consuming Vapors",4,"Sorcery",B,"c17","105",Not Owned,Non-foil,false,,""
"Eliminate the Competition",5,"Sorcery",B,"kld","78",Not Owned,Non-foil,false,,""
"Living Death",5,"Sorcery",B,"mb1","702",Not Owned,Non-foil,false,,""
"Monomania",5,"Sorcery",B,"m12","102",Not Owned,Non-foil,false,,""
"Quest for the Gravelord",1,"Enchantment",B,"mb1","741",Not Owned,Non-foil,false,,""
"Trial of Ambition",2,"Enchantment",B,"mb1","801",Not Owned,Non-foil,false,,""
"Cartouche of Ambition",3,"Enchantment - Aura Cartouche",B,"akh","83",Not Owned,Non-foil,false,,""
"Recurring Nightmare",3,"Enchantment",B,"exo","72",Not Owned,Non-foil,false,,""
"Underworld Connections",3,"Enchantment - Aura",B,"c17","128",Not Owned,Non-foil,false,,""
"Demonic Rising",5,"Enchantment",B,"avr","94",Not Owned,Non-foil,false,,""
"Descent into Madness",5,"Enchantment",B,"avr","97",Not Owned,Non-foil,false,,""
"Painful Quandary",5,"Enchantment",B,"som","73",Not Owned,Non-foil,false,,""
"Erebos's Emissary",4,"Enchantment Creature - Snake",B,"ths","86",Not Owned,Non-foil,false,,""
"Dragonmaster Outcast",1,"Creature - Human Shaman",R,"c19","139",Not Owned,Non-foil,false,,""
"Kird Ape",1,"Creature - Ape",R,"mb1","993",Not Owned,Non-foil,false,,""
"Striking Sliver",1,"Creature - Sliver",R,"m14","157",Not Owned,Non-foil,false,,""
"Stromkirk Noble",1,"Creature - Vampire Noble",R,"isd","164",Not Owned,Non-foil,false,,""
"Common Iguana",2,"Host Creature - Lizard",R,"ust","79",Not Owned,Non-foil,false,,""
"Dragon Whisperer",2,"Creature - Human Shaman",R,"dtk","137",Not Owned,Non-foil,false,,""
"Dwarven Miner",2,"Creature - Dwarf",R,"mir","169",Not Owned,Non-foil,false,,""
"Frazzled Editor",2,"Creature - Human Bureaucrat",R,"unh","77★",Not Owned,Non-foil,false,,""
"Ire Shaman",2,"Creature - Orc Shaman",R,"a25","137",Not Owned,Non-foil,false,,""
"Tilonalli's Summoner",2,"Creature - Human Shaman",R,"rix","121",Not Owned,Non-foil,false,,""
"Young Pyromancer",2,"Creature - Human Shaman",R,"mb1","1105",Not Owned,Non-foil,false,,""
"Combat Celebrant",3,"Creature - Human Warrior",R,"akh","125",Not Owned,Non-foil,false,,""
"Flamespeaker Adept",3,"Creature - Human Shaman",R,"ths","123",Not Owned,Non-foil,false,,""
"Impetuous Protege",3,"Creature - Human Warrior",R,"bbd","19",Not Owned,Non-foil,false,,""
"Kruin Outlaw",3,"Creature - Human Rogue Werewolf",R,"isd","152",Not Owned,Non-foil,false,,""
"Manic Vandal",3,"Creature - Human Warrior",R,"m12","151",Not Owned,Non-foil,false,,""
"Sin Prodder",3,"Creature - Devil",R,"soi","181",Not Owned,Non-foil,false,,""
"Taurean Mauler",3,"Creature - Shapeshifter",R,"mb1","1079",Not Owned,Non-foil,false,,""
"Volatile Chimera",3,"Creature - Elemental Chimera",R,"cn2","59",Not Owned,Non-foil,false,,""
"Amplifire",4,"Creature - Elemental",R,"rna","92",Not Owned,Non-foil,false,,""
"Anger",4,"Creature - Incarnation",R,"mb1","839",Not Owned,Non-foil,false,,""
"Avaricious Dragon",4,"Creature - Dragon",R,"ori","131",Not Owned,Non-foil,false,,""
"Bumbling Pangolin",4,"Host Creature - Pangolin Beast",R,"ust","78",Not Owned,Non-foil,false,,""
"Captivating Crew",4,"Creature - Human Pirate",R,"gnt","38",Not Owned,Non-foil,false,,""
"Flametongue Kavu",4,"Creature - Kavu",R,"mb1","932",Not Owned,Non-foil,false,,""
"Hellrider",4,"Creature - Devil",R,"mm3","98",Not Owned,Non-foil,false,,""
"Pia and Kiran Nalaar",4,"Legendary Creature - Human Artificer",R,"ddu","47",Not Owned,Non-foil,false,,""
"Rukh Egg",4,"Creature - Bird Egg",R,"9ed","214",Not Owned,Non-foil,false,,""
"Feisty Stegosaurus",5,"Host Creature - Dinosaur",R,"ust","81",Not Owned,Non-foil,false,,""
"Garbage Elemental",5,"Creature - Elemental",R,"ust","82f",Not Owned,Non-foil,false,,""
"Garbage Elemental",5,"Creature - Elemental",R,"ust","82f",Not Owned,Non-foil,false,,""
"Hoarding Dragon",5,"Creature - Dragon",R,"ima","134",Not Owned,Non-foil,false,,""
"Urabrask the Hidden",5,"Legendary Creature - Praetor",R,"ima","152",Not Owned,Non-foil,false,,""
"Conquering Manticore",6,"Creature - Manticore",R,"ddl","55",Not Owned,Non-foil,false,,""
"Inferno Titan",6,"Creature - Giant",R,"cm2","109",Not Owned,Non-foil,false,,""
"Bedlam Reveler",8,"Creature - Devil Horror",R,"emn","118",Not Owned,Non-foil,false,,""
"Sarkhan, Fireblood",3,"Legendary Planeswalker - Sarkhan",R,"m19","154",Not Owned,Non-foil,false,,""
"Chandra, Torch of Defiance",4,"Legendary Planeswalker - Chandra",R,"kld","110",Not Owned,Non-foil,false,,""
"Chandra, the Firebrand",4,"Legendary Planeswalker - Chandra",R,"m13","123",Not Owned,Non-foil,false,,""
"False Orders",1,"Instant",R,"cei","148",Not Owned,Non-foil,false,,""
"Red Elemental Blast",1,"Instant",R,"a25","147",Not Owned,Non-foil,false,,""
"Price of Progress",2,"Instant",R,"mb1","1026",Not Owned,Non-foil,false,,""
"Dance with Devils",4,"Instant",R,"soi","150",Not Owned,Non-foil,false,,""
"Grab the Reins",4,"Instant",R,"c16","126",Not Owned,Non-foil,false,,""
"Savage Beating",5,"Instant",R,"dst","67",Not Owned,Non-foil,false,,""
"Steamfloggery",6,"Instant",R,"ust","96",Not Owned,Non-foil,false,,""
"Faithless Looting",1,"Sorcery",R,"mb1","919",Not Owned,Non-foil,false,,""
"Reckless Charge",1,"Sorcery",R,"mh1","144",Not Owned,Non-foil,false,,""
"Devastating Dreams",2,"Sorcery",R,"tor","95",Not Owned,Non-foil,false,,""
"Pyroclasm",2,"Sorcery",R,"a25","146",Not Owned,Non-foil,false,,""
"Arc Lightning",3,"Sorcery",R,"ktk","97",Not Owned,Non-foil,false,,""
"Flames of the Firebrand",3,"Sorcery",R,"m14","139",Not Owned,Non-foil,false,,""
"Hordeling Outburst",3,"Sorcery",R,"a25","134",Not Owned,Non-foil,false,,""
"Fiery Confluence",4,"Sorcery",R,"cm2","98",Not Owned,Non-foil,false,,""
"Earthquake",1,"Sorcery",R,"cm2","95",Not Owned,Non-foil,false,,""
"Jokulhaups",6,"Sorcery",R,"dkm","15",Not Owned,Non-foil,false,,""
"Insurrection",8,"Sorcery",R,"cmd","126",Not Owned,Non-foil,false,,""
"Warp World",8,"Sorcery",R,"m10","163",Not Owned,Non-foil,false,,""
"Blasphemous Act",9,"Sorcery",R,"c18","120",Not Owned,Non-foil,false,,""
"Cartouche of Zeal",1,"Enchantment - Aura Cartouche",R,"mb1","881",Not Owned,Non-foil,false,,""
"Goblin Bombardment",2,"Enchantment",R,"mb1","952",Not Owned,Non-foil,false,,""
"Sulfuric Vortex",3,"Enchantment",R,"ema","150",Not Owned,Non-foil,false,,""
"Trial of Zeal",3,"Enchantment",R,"akh","152",Not Owned,Non-foil,false,,""
"Pandemonium",4,"Enchantment",R,"tsb","68",Not Owned,Non-foil,false,,""
"Hammer of Purphoros",3,"Legendary Enchantment Artifact",R,"ths","124",Not Owned,Non-foil,false,,""
"Birds of Paradise",1,"Creature - Bird",G,"mb1","1138",Not Owned,Non-foil,false,,""
"Birds of Paradise",1,"Creature - Bird",G,"mb1","1138",Not Owned,Non-foil,false,,""
"Diligent Farmhand",1,"Creature - Human Druid",G,"ody","237",Not Owned,Non-foil,false,,""
"Scute Mob",1,"Creature - Insect",G,"c18","161",Not Owned,Non-foil,false,,""
"Skyshroud Elite",1,"Creature - Elf",G,"brb","72",Not Owned,Non-foil,false,,""
"Squirrel Dealer",1,"Creature - Raccoon Lizard Bird",G,"ust","123",Not Owned,Non-foil,false,,""
"Deathcap Cultivator",2,"Creature - Human Druid",BG,"soi","202",Not Owned,Non-foil,false,,""
"Den Protector",2,"Creature - Human Warrior",G,"c19","161",Not Owned,Non-foil,false,,""
"Gemhide Sliver",2,"Creature - Sliver",G,"h09","8",Not Owned,Non-foil,false,,""
"Grizzly Bears",2,"Creature - Bear",G,"10e","268",Not Owned,Non-foil,false,,""
"Hungry Lynx",2,"Creature - Cat",G,"c17","31",Not Owned,Non-foil,false,,""
"Mayor of Avabruck",2,"Creature - Human Advisor Werewolf",G,"isd","193",Not Owned,Non-foil,false,,""
"Naga Vitalist",2,"Creature - Naga Druid",G,"akh","176",Not Owned,Non-foil,false,,""
"Quirion Elves",2,"Creature - Elf Druid",G,"dde","39",Not Owned,Non-foil,false,,""
"Rattleclaw Mystic",2,"Creature - Human Shaman",GRU,"ktk","144",Not Owned,Non-foil,false,,""
"Sakura-Tribe Elder",2,"Creature - Snake Shaman",G,"mb1","1322",Not Owned,Non-foil,false,,""
"Sakura-Tribe Elder",2,"Creature - Snake Shaman",G,"mb1","1322",Not Owned,Non-foil,false,,""
"Wild Crocodile",2,"Host Creature - Crocodile",G,"ust","125",Not Owned,Non-foil,false,,""
"Eager Beaver",3,"Host Creature - Beaver",G,"ust","107",Not Owned,Non-foil,false,,""
"Eternal Witness",3,"Creature - Human Shaman",G,"mb1","1200",Not Owned,Non-foil,false,,""
"Generous Patron",3,"Creature - Elf Advisor",G,"bbd","70",Not Owned,Non-foil,false,,""
"Leovold's Operative",3,"Creature - Elf Rogue",G,"cn2","66",Not Owned,Non-foil,false,,""
"Nissa, Vastwood Seer",3,"Legendary Creature - Elf Scout",G,"v17","15",Not Owned,Non-foil,false,,""
"Phantom Nantuko",3,"Creature - Insect Spirit",G,"cma","133",Not Owned,Non-foil,false,,""
"Pir, Imaginative Rascal",3,"Legendary Creature - Human",G,"bbd","11",Not Owned,Non-foil,false,,""
"Squirrel Mob",3,"Creature - Squirrel",G,"ody","273",Not Owned,Non-foil,false,,""
"Yavimaya Elder",3,"Creature - Human Druid",G,"mb1","1379",Not Owned,Non-foil,false,,""
"Yavimaya Elder",3,"Creature - Human Druid",G,"mb1","1379",Not Owned,Non-foil,false,,""
"Forgotten Ancient",4,"Creature - Elemental",G,"cm2","137",Not Owned,Non-foil,false,,""
"Lhurgoyf",4,"Creature - Lhurgoyf",G,"cm2","141",Not Owned,Non-foil,false,,""
"Quarry Hauler",4,"Creature - Camel",G,"akh","181",Not Owned,Non-foil,false,,""
"Squirrel Wrangler",4,"Creature - Human Druid",G,"mb1","1340",Not Owned,Non-foil,false,,""
"Indrik Stomphowler",5,"Creature - Beast",G,"cma","119",Not Owned,Non-foil,false,,""
"Mother Kangaroo",5,"Host Creature - Kangaroo",G,"ust","116",Not Owned,Non-foil,false,,""
"Seedborn Muse",5,"Creature - Spirit",G,"c19","179",Not Owned,Non-foil,false,,""
"Silklash Spider",5,"Creature - Spider",G,"cma","145",Not Owned,Non-foil,false,,""
"Earl of Squirrel",6,"Creature - Squirrel Noble Advisor",G,"ust","108",Not Owned,Non-foil,false,,""
"Nut Collector",6,"Creature - Human Druid",G,"ody","259",Not Owned,Non-foil,false,,""
"Nut Collector",6,"Creature - Human Druid",G,"ody","259",Not Owned,Non-foil,false,,""
"Hooded Hydra",2,"Creature - Snake Hydra",G,"c19","172",Not Owned,Non-foil,false,,""
"Slaying Mantis",7,"Creature - Insect Wrestler",G,"ust","122",Not Owned,Non-foil,false,,""
"Hydradoodle",2,"Creature - Hydra Hound",G,"ust","112",Not Owned,Non-foil,false,,""
"Garruk Wildspeaker",4,"Legendary Planeswalker - Garruk",G,"gvl","1",Not Owned,Non-foil,false,,""
"Blossoming Defense",1,"Instant",G,"kld","146",Not Owned,Non-foil,false,,""
"Might of Old Krosa",1,"Instant",G,"mm3","130",Not Owned,Non-foil,false,,""
"Tangle",2,"Instant",G,"inv","213",Not Owned,Non-foil,false,,""
"Titanic Growth",2,"Instant",G,"mb1","1362",Not Owned,Non-foil,false,,""
"Harrow",3,"Instant",G,"mb1","1235",Not Owned,Non-foil,false,,""
"Krosan Grip",3,"Instant",G,"cma","123",Not Owned,Non-foil,false,,""
"Beast Attack",5,"Instant",G,"dds","43",Not Owned,Non-foil,false,,""
"Squall Line",2,"Instant",G,"tsp","222",Not Owned,Non-foil,false,,""
"Elephant Resurgence",2,"Sorcery",G,"pcy","113",Not Owned,Non-foil,false,,""
"Farseek",2,"Sorcery",G,"mb1","1206",Not Owned,Non-foil,false,,""
"Life from the Loam",2,"Sorcery",G,"uma","172",Not Owned,Non-foil,false,,""
"Regrowth",2,"Sorcery",G,"mb1","1309",Not Owned,Non-foil,false,,""
"Sylvan Scrying",2,"Sorcery",G,"mb1","1345",Not Owned,Non-foil,false,,""
"Cultivate",3,"Sorcery",G,"mb1","1176",Not Owned,Non-foil,false,,""
"Hypergenesis",0,"Sorcery",G,"tsp","201",Not Owned,Non-foil,false,,""
"Mouth // Feed",7,"Sorcery",G,"akh","214",Not Owned,Non-foil,false,,""
"Recross the Paths",3,"Sorcery",G,"mor","133",Not Owned,Non-foil,false,,""
"Search for Tomorrow",3,"Sorcery",G,"mb1","1327",Not Owned,Non-foil,false,,""
"Bramblecrush",4,"Sorcery",G,"m14","165",Not Owned,Non-foil,false,,""
"Peregrination",4,"Sorcery",G,"bng","132",Not Owned,Non-foil,false,,""
"Tooth and Nail",7,"Sorcery",G,"mma","170",Not Owned,Non-foil,false,,""
"Evolutionary Leap",2,"Enchantment",G,"ori","176",Not Owned,Non-foil,false,,""
"Song of Freyalise",2,"Enchantment - Saga",G,"dom","179",Not Owned,Non-foil,false,,""
"Beastmaster Ascension",3,"Enchantment",G,"mb1","1133",Not Owned,Non-foil,false,,""
"Cartouche of Strength",3,"Enchantment - Aura Cartouche",G,"akh","158",Not Owned,Non-foil,false,,""
"Curse of Predation",3,"Enchantment - Aura Curse",G,"ima","159",Not Owned,Non-foil,false,,""
"Squirrel Nest",3,"Enchantment - Aura",G,"mh1","182",Not Owned,Non-foil,false,,""
"Aid from the Cowl",5,"Enchantment",G,"aer","105",Not Owned,Non-foil,false,,""
"Doubling Season",5,"Enchantment",G,"bbd","195",Not Owned,Non-foil,false,,""
"Saproling Burst",5,"Enchantment",G,"nem","113",Not Owned,Non-foil,false,,""
"The Mending of Dominaria",5,"Enchantment - Saga",G,"dom","173",Not Owned,Non-foil,false,,""
"Lurking Predators",6,"Enchantment",G,"c16","156",Not Owned,Non-foil,false,,""
"Nylea's Emissary",4,"Enchantment Creature - Cat",G,"ths","168",Not Owned,Non-foil,false,,""
"Judge's Familiar",1,"Creature - Bird",UW,"gk2","14",Not Owned,Non-foil,false,,""
"Battlewise Hoplite",2,"Creature - Human Soldier",UW,"ths","189",Not Owned,Non-foil,false,,""
"Mistmeadow Witch",2,"Creature - Kithkin Wizard",UW,"mb1","1527",Not Owned,Non-foil,false,,""
"Sejiri Merfolk",2,"Creature - Merfolk Soldier",U,"wwk","36",Not Owned,Non-foil,false,,""
"Grand Arbiter Augustin IV",4,"Legendary Creature - Human Advisor",UW,"mma","176",Not Owned,Non-foil,false,,""
"Swans of Bryn Argoll",4,"Creature - Bird Spirit",UW,"mm2","199",Not Owned,Non-foil,false,,""
"Azor's Elocutors",5,"Creature - Human Advisor",UW,"rtr","210",Not Owned,Non-foil,false,,""
"Lavinia of the Tenth",5,"Legendary Creature - Human Soldier",UW,"gk2","15",Not Owned,Non-foil,false,,""
"Dovin Baan",4,"Legendary Planeswalker - Dovin",UW,"kld","179",Not Owned,Non-foil,false,,""
"Venser, the Sojourner",5,"Legendary Planeswalker - Venser",UW,"ddi","1",Not Owned,Non-foil,false,,""
"Failure // Comply",3,"Instant",UW,"akh","221",Not Owned,Non-foil,false,,""
"Farm // Market",6,"Instant",UW,"c19","192",Not Owned,Non-foil,false,,""
"Aethermage's Touch",4,"Instant",UW,"c18","168",Not Owned,Non-foil,false,,""
"Ojutai's Command",4,"Instant",UW,"dtk","227",Not Owned,Non-foil,false,,""
"Reviving Vapors",4,"Instant",UW,"uma","205",Not Owned,Non-foil,false,,""
"Sphinx's Revelation",3,"Instant",UW,"gk2","21",Not Owned,Non-foil,false,,""
"Supreme Verdict",4,"Sorcery",UW,"mb1","1493",Not Owned,Non-foil,false,,""
"Hibernation Sliver",2,"Creature - Sliver",BU,"h09","12",Not Owned,Non-foil,false,,""
"Sygg, River Cutthroat",2,"Legendary Creature - Merfolk Rogue",BU,"shm","176",Not Owned,Non-foil,false,,""
"Vodalian Hypnotist",2,"Creature - Merfolk Wizard",BU,"inv","84",Not Owned,Non-foil,false,,""
"X",2,"Legendary Creature - Human Spy",BU,"ust","137",Not Owned,Non-foil,false,,""
"Shadowmage Infiltrator",3,"Creature - Human Wizard",BU,"a25","217",Not Owned,Non-foil,false,,""
"Siren of the Silent Song",3,"Creature - Zombie Siren",BU,"bng","155",Not Owned,Non-foil,false,,""
"Benthic Djinn",4,"Creature - Djinn",BU,"mir","257",Not Owned,Non-foil,false,,""
"Duskmantle Seer",4,"Creature - Vampire Wizard",BU,"c18","176",Not Owned,Non-foil,false,,""
"Etrata, the Silencer",4,"Legendary Creature - Vampire Assassin",BU,"gk1","1",Not Owned,Non-foil,false,,""
"Hostage Taker",4,"Creature - Human Pirate",BU,"xln","223",Not Owned,Non-foil,false,,""
"Nemesis of Reason",5,"Creature - Leviathan Horror",BU,"mb1","1459",Not Owned,Non-foil,false,,""
"Oona, Queen of the Fae",6,"Legendary Creature - Faerie Wizard",BU,"mma","193",Not Owned,Non-foil,false,,""
"Baleful Strix",2,"Artifact Creature - Bird",BU,"mb1","1395",Not Owned,Non-foil,false,,""
"Baleful Strix",2,"Artifact Creature - Bird",BU,"mb1","1395",Not Owned,Non-foil,false,,""
"Mask of Riddles",2,"Artifact - Equipment",BU,"arb","25",Not Owned,Non-foil,false,,""
"Far // Away",5,"Instant",BU,"dgm","127",Not Owned,Non-foil,false,,""
"Undermine",3,"Instant",BU,"ddh","62",Not Owned,Non-foil,false,,""
"Rags // Riches",11,"Sorcery",BU,"akh","222",Not Owned,Non-foil,false,,""
"Whispering Madness",4,"Sorcery",BU,"c16","229",Not Owned,Non-foil,false,,""
"Tezzeret's Touch",3,"Enchantment - Aura",BU,"aer","138",Not Owned,Non-foil,false,,""
"Rakdos Cackler",1,"Creature - Devil",BR,"gk2","67",Not Owned,Non-foil,false,,""
"Tymaret, the Murder King",2,"Legendary Creature - Zombie Warrior",BR,"ths","207",Not Owned,Non-foil,false,,""
"Shambling Remains",3,"Creature - Zombie Horror",BR,"mb1","1483",Not Owned,Non-foil,false,,""
"Blazing Specter",4,"Creature - Specter",BR,"ddh","52",Not Owned,Non-foil,false,,""
"Kulrath Knight",5,"Creature - Elemental Knight",BR,"shm","190",Not Owned,Non-foil,false,,""
"Kolaghan's Command",3,"Instant",BR,"mb1","1445",Not Owned,Non-foil,false,,""
"Void",5,"Sorcery",BR,"ema","211",Not Owned,Non-foil,false,,""
"Rakdos's Return",2,"Sorcery",BR,"gk2","72",Not Owned,Non-foil,false,,""
"Spiteful Visions",4,"Enchantment",BR,"c13","233",Not Owned,Non-foil,false,,""
"Burning-Tree Emissary",2,"Creature - Human Shaman",GR,"gk2","88",Not Owned,Non-foil,false,,""
"Burning-Tree Emissary",2,"Creature - Human Shaman",GR,"gk2","88",Not Owned,Non-foil,false,,""
"Raging Kavu",3,"Creature - Kavu",GR,"inv","262",Not Owned,Non-foil,false,,""
"Bloodbraid Elf",4,"Creature - Elf Berserker",GR,"mb1","1402",Not Owned,Non-foil,false,,""
"Ghor-Clan Rampager",4,"Creature - Beast",GR,"mb1","1429",Not Owned,Non-foil,false,,""
"Huntmaster of the Fells",4,"Creature - Human Werewolf",GR,"v17","11",Not Owned,Non-foil,false,,""
"Polis Crusher",4,"Creature - Cyclops",GR,"ths","198",Not Owned,Non-foil,false,,""
"Harbinger of the Hunt",5,"Creature - Dragon",GR,"dtk","223",Not Owned,Non-foil,false,,""
"Zhur-Taa Ancient",5,"Creature - Beast",GR,"dgm","119",Not Owned,Non-foil,false,,""
"Domri Rade",3,"Legendary Planeswalker - Domri",GR,"mm3","161",Not Owned,Non-foil,false,,""
"Violent Outburst",3,"Instant",GR,"arb","63",Not Owned,Non-foil,false,,""
"Driven // Despair",4,"Sorcery",BG,"hou","157",Not Owned,Non-foil,false,,""
"Hull Breach",2,"Sorcery",GR,"c13","193",Not Owned,Non-foil,false,,""
"Stormbind",3,"Enchantment",GR,"tsb","102",Not Owned,Non-foil,false,,""
"Cramped Bunker",6,"Enchantment",GR,"ust","129",Not Owned,Non-foil,false,,""
"Dryad Militant",1,"Creature - Dryad Soldier",GW,"gk1","111",Not Owned,Non-foil,false,,""
"Saffi Eriksdotter",2,"Legendary Creature - Human Scout",GW,"tsp","245",Not Owned,Non-foil,false,,""
"Harmonic Sliver",3,"Creature - Sliver",GW,"tsp","240",Not Owned,Non-foil,false,,""
"Renegade Rallier",3,"Creature - Human Warrior",GW,"aer","133",Not Owned,Non-foil,false,,""
"Veteran Warleader",3,"Creature - Human Soldier Ally",GW,"bfz","221",Not Owned,Non-foil,false,,""
"Wayfaring Temple",3,"Creature - Elemental",GW,"mb1","1509",Not Owned,Non-foil,false,,""
"Dr. Julius Jumblemorph",4,"Legendary Creature",GW,"ust","130",Not Owned,Non-foil,false,,""
"Heron's Grace Champion",4,"Creature - Human Knight",GW,"emn","185",Not Owned,Non-foil,false,,""
"Mystic Enforcer",4,"Creature - Human Nomad Mystic",GW,"tsb","96",Not Owned,Non-foil,false,,""
"Armada Wurm",6,"Creature - Wurm",GW,"gk1","108",Not Owned,Non-foil,false,,""
"Sabertooth Nishoba",6,"Creature - Cat Beast Warrior",GW,"inv","268",Not Owned,Non-foil,false,,""
"Wax // Wane",2,"Instant",GW,"arc","101",Not Owned,Non-foil,false,,""
"Selesnya Charm",2,"Instant",GW,"gk1","117",Not Owned,Non-foil,false,,""
"Advent of the Wurm",4,"Instant",GW,"gk1","107",Not Owned,Non-foil,false,,""
"Alive // Well",5,"Sorcery",GW,"dgm","121",Not Owned,Non-foil,false,,""
"Captured Sunlight",4,"Sorcery",GW,"arb","66",Not Owned,Non-foil,false,,""
"Unflinching Courage",3,"Enchantment - Aura",GW,"mb1","1502",Not Owned,Non-foil,false,,""
"Glare of Subdual",4,"Enchantment",GW,"gk1","112",Not Owned,Non-foil,false,,""
"Cartel Aristocrat",2,"Creature - Human Advisor",BW,"gtc","150",Not Owned,Non-foil,false,,""
"High Priest of Penance",2,"Creature - Human Cleric",BW,"c18","183",Not Owned,Non-foil,false,,""
"Necrotic Sliver",3,"Creature - Sliver",BW,"h09","20",Not Owned,Non-foil,false,,""
"Sin Collector",3,"Creature - Human Cleric",BW,"gk2","45",Not Owned,Non-foil,false,,""
"Treasury Thrull",6,"Creature - Thrull",BW,"gk2","46",Not Owned,Non-foil,false,,""
"Ashen Rider",8,"Creature - Archon",BW,"ths","187",Not Owned,Non-foil,false,,""
"Kaya, Ghost Assassin",4,"Legendary Planeswalker - Kaya",BW,"cn2","222",Not Owned,Non-foil,false,,""
"Sorin, Lord of Innistrad",4,"Legendary Planeswalker - Sorin",BW,"ddk","1",Not Owned,Non-foil,false,,""
"Tidehollow Sculler",2,"Artifact Creature - Zombie",BW,"md1","2",Not Owned,Non-foil,false,,""
"Anguished Unmaking",3,"Instant",BW,"soi","242",Not Owned,Non-foil,false,,""
"Lingering Souls",3,"Sorcery",BW,"mb1","162",Not Owned,Non-foil,false,,""
"Death Grasp",2,"Sorcery",BW,"c15","215",Not Owned,Non-foil,false,,""
"Primevals' Glorious Rebirth",7,"Legendary Sorcery",BW,"dom","201",Not Owned,Non-foil,false,,""
"Hidden Stockpile",2,"Enchantment",BW,"mb1","1435",Not Owned,Non-foil,false,,""
"Gift of Orzhova",3,"Enchantment - Aura",BW,"mb1","1524",Not Owned,Non-foil,false,,""
"Debtors' Knell",7,"Enchantment",BW,"mb1","1519",Not Owned,Non-foil,false,,""
"Deathrite Shaman",1,"Creature - Elf Shaman",BG,"gk1","59",Not Owned,Non-foil,false,,""
"Lotleth Troll",2,"Creature - Zombie Troll",BG,"gk1","67",Not Owned,Non-foil,false,,""
"Putrid Leech",2,"Creature - Zombie Leech",BG,"ddm","51",Not Owned,Non-foil,false,,""
"Slimefoot, the Stowaway",3,"Legendary Creature - Fungus",BG,"dom","205",Not Owned,Non-foil,false,,""
"Corpsejack Menace",4,"Creature - Fungus",BG,"mb1","1411",Not Owned,Non-foil,false,,""
"Creakwood Liege",4,"Creature - Horror",BG,"mm2","191",Not Owned,Non-foil,false,,""
"Reaper of the Wilds",4,"Creature - Gorgon",BG,"cp2","4",Not Owned,Non-foil,false,,""
"Vhati il-Dal",4,"Legendary Creature - Human Warrior",BG,"tsb","104",Not Owned,Non-foil,false,,""
"Marrow Chomper",5,"Creature - Zombie Lizard",BG,"arb","93",Not Owned,Non-foil,false,,""
"Nath of the Gilt-Leaf",5,"Legendary Creature - Elf Warrior",BG,"c16","213",Not Owned,Non-foil,false,,""
"Putrefy",3,"Instant",BG,"mb1","1466",Not Owned,Non-foil,false,,""
"Maelstrom Pulse",3,"Sorcery",BG,"uma","204",Not Owned,Non-foil,false,,""
"Deadbridge Chant",6,"Enchantment",BG,"gk1","58",Not Owned,Non-foil,false,,""
"Nyx Weaver",3,"Enchantment Creature - Spider",BG,"jou","153",Not Owned,Non-foil,false,,""
"Zameck Guildmage",2,"Creature - Elf Wizard",GU,"gk2","129",Not Owned,Non-foil,false,,""
"Bounding Krasis",3,"Creature - Fish Lizard",GU,"mb1","1404",Not Owned,Non-foil,false,,""
"Gilder Bairn",3,"Creature - Ouphe",GU,"eve","152",Not Owned,Non-foil,false,,""
"Trygon Predator",3,"Creature - Beast",GU,"gk2","125",Not Owned,Non-foil,false,,""
"Vorel of the Hull Clade",3,"Legendary Creature - Human Merfolk",GU,"gk2","128",Not Owned,Non-foil,false,,""
"Fathom Mage",4,"Creature - Human Wizard",GU,"gk2","118",Not Owned,Non-foil,false,,""
"Sages of the Anima",5,"Creature - Elf Wizard",GU,"arb","103",Not Owned,Non-foil,false,,""
"Sages of the Anima",5,"Creature - Elf Wizard",GU,"arb","103",Not Owned,Non-foil,false,,""
"Nissa, Steward of Elements",2,"Legendary Planeswalker - Nissa",GU,"akh","204",Not Owned,Non-foil,false,,""
"Simic Charm",2,"Instant",GU,"gtc","195",Not Owned,Non-foil,false,,""
"Give // Take",6,"Sorcery",GU,"dgm","129",Not Owned,Non-foil,false,,""
"Spring // Mind",9,"Sorcery",GU,"akh","219",Not Owned,Non-foil,false,,""
"Unexpected Results",4,"Sorcery",GU,"gtc","203",Not Owned,Non-foil,false,,""
"Enigma Drake",3,"Creature - Drake",RU,"m19","216",Not Owned,Non-foil,false,,""
"Frenetic Sliver",3,"Creature - Sliver",RU,"plc","157",Not Owned,Non-foil,false,,""
"Jhoira of the Ghitu",3,"Legendary Creature - Human Wizard",RU,"dds","1",Not Owned,Non-foil,false,,""
"Spellheart Chimera",3,"Creature - Chimera",RU,"dds","25",Not Owned,Non-foil,false,,""
"Dack's Duplicate",4,"Creature - Shapeshifter",RU,"cns","43",Not Owned,Non-foil,false,,""
"Hypersonic Dragon",5,"Creature - Dragon",RU,"gk1","39",Not Owned,Non-foil,false,,""
"Fire // Ice",4,"Instant",RU,"mb1","1538",Not Owned,Non-foil,false,,""
"Izzet Charm",2,"Instant",RU,"gk1","41",Not Owned,Non-foil,false,,""
"Electrolyze",3,"Instant",RU,"gk1","37",Not Owned,Non-foil,false,,""
"Reduce // Rubble",6,"Instant",RU,"akh","216",Not Owned,Non-foil,false,,""
"Refuse // Cooperate",7,"Instant",RU,"c19","199",Not Owned,Non-foil,false,,""
"Suffocating Blast",4,"Instant",RU,"apc","124",Not Owned,Non-foil,false,,""
"Prophetic Bolt",5,"Instant",RU,"c15","231",Not Owned,Non-foil,false,,""
"Firemind's Foresight",7,"Instant",RU,"dds","21",Not Owned,Non-foil,false,,""
"Blast of Genius",6,"Sorcery",RU,"uma","197",Not Owned,Non-foil,false,,""
"Honored Crop-Captain",2,"Creature - Human Warrior",RW,"akh","200",Not Owned,Non-foil,false,,""
"Boros Reckoner",3,"Creature - Minotaur Wizard",RW,"mb1","1518",Not Owned,Non-foil,false,,""
"Brion Stoutarm",4,"Legendary Creature - Giant Warrior",RW,"a25","200",Not Owned,Non-foil,false,,""
"Bruse Tarl, Boorish Herder",4,"Legendary Creature - Human Ally",RW,"c16","30",Not Owned,Non-foil,false,,""
"Firemane Avenger",4,"Creature - Angel",RW,"gk1","89",Not Owned,Non-foil,false,,""
"Soltari Guerrillas",4,"Creature - Soltari Soldier",RW,"tmp","272",Not Owned,Non-foil,false,,""
"Bull Cerodon",6,"Creature - Beast",RW,"hop","84",Not Owned,Non-foil,false,,""
"Deflecting Palm",2,"Instant",RW,"ktk","173",Not Owned,Non-foil,false,,""
"Warleader's Helix",4,"Instant",RW,"uma","210",Not Owned,Non-foil,false,,""
"Aurelia's Fury",2,"Instant",RW,"gtc","144",Not Owned,Non-foil,false,,""
"Assemble the Legion",5,"Enchantment",RW,"mb1","1390",Not Owned,Non-foil,false,,""
"Scarland Thrinax",3,"Creature - Lizard",BGR,"c13","209",Not Owned,Non-foil,false,,""
"Sprouting Thrinax",3,"Creature - Lizard",BGR,"mb1","1489",Not Owned,Non-foil,false,,""
"Shattergang Brothers",4,"Legendary Creature - Goblin Artificer",BGR,"oc13","213",Not Owned,Non-foil,false,,""
"Sek'Kuar, Deathkeeper",5,"Legendary Creature - Orc Shaman",BGR,"oc13","210",Not Owned,Non-foil,false,,""
"Wasitora, Nekoru Queen",5,"Legendary Creature - Cat Dragon",BGR,"c17","49",Not Owned,Non-foil,false,,""
"Darigaaz's Charm",3,"Instant",BGR,"dde","59",Not Owned,Non-foil,false,,""
"Jund Charm",3,"Instant",BGR,"c13","195",Not Owned,Non-foil,false,,""
"Flesh // Blood",7,"Sorcery",BGR,"dgm","128",Not Owned,Non-foil,false,,""
"Cylian Sunsinger",2,"Creature - Elf Shaman",GRW,"con","80",Not Owned,Non-foil,false,,""
"Naya Battlemage",3,"Creature - Human Shaman",GRW,"ala","142",Not Owned,Non-foil,false,,""
"Thornscape Battlemage",3,"Creature - Elf Wizard",GRW,"mb1","1354",Not Owned,Non-foil,false,,""
"Retaliator Griffin",4,"Creature - Griffin",GRW,"arb","123",Not Owned,Non-foil,false,,""
"Rith, the Awakener",6,"Legendary Creature - Dragon",GRW,"mb1","1476",Not Owned,Non-foil,false,,""
"Rith's Charm",3,"Instant",GRW,"dde","60",Not Owned,Non-foil,false,,""
"Pure // Simple",6,"Sorcery",GRW,"dis","154",Not Owned,Non-foil,false,,""
"Noble Hierarch",1,"Creature - Human Druid",GUW,"uma","174",Not Owned,Non-foil,false,,""
"Sunscape Apprentice",1,"Creature - Human Wizard",GUW,"inv","41",Not Owned,Non-foil,false,,""
"Rhox War Monk",3,"Creature - Rhino Monk",GUW,"mb1","1474",Not Owned,Non-foil,false,,""
"Sunscape Battlemage",3,"Creature - Human Wizard",GUW,"dde","40",Not Owned,Non-foil,false,,""
"Sunscape Master",4,"Creature - Human Wizard",GUW,"inv","42",Not Owned,Non-foil,false,,""
"Tamiyo, Field Researcher",4,"Legendary Planeswalker - Tamiyo",GUW,"emn","190",Not Owned,Non-foil,false,,""
"Bant Charm",3,"Instant",GUW,"c18","169",Not Owned,Non-foil,false,,""
"Beck // Call",8,"Sorcery",GUW,"dgm","123",Not Owned,Non-foil,false,,""
"Supply // Demand",5,"Sorcery",GUW,"dis","157",Not Owned,Non-foil,false,,""
"Merieke Ri Berit",3,"Legendary Creature - Human",BUW,"tsb","95",Not Owned,Non-foil,false,,""
"Dromar, the Banisher",6,"Legendary Creature - Dragon",BUW,"inv","244",Not Owned,Non-foil,false,,""
"Scornful Aether-Lich",4,"Artifact Creature - Zombie Wizard",BUW,"con","34",Not Owned,Non-foil,false,,""
"Sludge Strider",4,"Artifact Creature - Insect",BUW,"hop","95",Not Owned,Non-foil,false,,""
"Sharuum the Hegemon",6,"Legendary Artifact Creature - Sphinx",BUW,"c16","221",Not Owned,Non-foil,false,,""
"Enigma Sphinx",7,"Artifact Creature - Sphinx",BUW,"c18","178",Not Owned,Non-foil,false,,""
"Sphinx Sovereign",8,"Artifact Creature - Sphinx",BUW,"ala","196",Not Owned,Non-foil,false,,""
"Esper Charm",3,"Instant",BUW,"mb1","1421",Not Owned,Non-foil,false,,""
"Resounding Wave",3,"Instant",BUW,"ala","54",Not Owned,Non-foil,false,,""
"Grixis Battlemage",3,"Creature - Human Wizard",BRU,"ala","78",Not Owned,Non-foil,false,,""
"Sedraxis Specter",3,"Creature - Specter",BRU,"mb1","1482",Not Owned,Non-foil,false,,""
"Sol'kanar the Swamp King",5,"Legendary Creature - Demon",BRU,"tsb","100",Not Owned,Non-foil,false,,""
"Garza Zol, Plague Queen",7,"Legendary Creature - Vampire Noble",BRU,"csp","129",Not Owned,Non-foil,false,,""
"Grixis Charm",3,"Instant",BRU,"c13","192",Not Owned,Non-foil,false,,""
"Elder Mastery",6,"Enchantment - Aura",BRU,"ddh","68",Not Owned,Non-foil,false,,""
"Mantis Rider",3,"Creature - Human Monk",RUW,"ktk","184",Not Owned,Non-foil,false,,""
"Lightning Angel",4,"Creature - Angel",RUW,"v15","12",Not Owned,Non-foil,false,,""
"Zedruu the Greathearted",4,"Legendary Creature - Minotaur Monk",RUW,"c16","231",Not Owned,Non-foil,false,,""
"Sage of the Inward Eye",5,"Creature - Djinn Wizard",RUW,"ktk","195",Not Owned,Non-foil,false,,""
"Flying Crane Technique",6,"Instant",RUW,"ktk","176",Not Owned,Non-foil,false,,""
"Degavolver",2,"Creature - Volver",BRW,"apc","6",Not Owned,Non-foil,false,,""
"Alesha, Who Smiles at Death",3,"Legendary Creature - Human Warrior",BRW,"mb1","837",Not Owned,Non-foil,false,,""
"Brutal Hordechief",4,"Creature - Orc Warrior",BRW,"c16","108",Not Owned,Non-foil,false,,""
"Butcher of the Horde",4,"Creature - Demon",BRW,"ktk","168",Not Owned,Non-foil,false,,""
"Kaalia of the Vast",4,"Legendary Creature - Human Cleric",BRW,"cma","180",Not Owned,Non-foil,false,,""
"Oros, the Avenger",6,"Legendary Creature - Dragon",BRW,"cma","188",Not Owned,Non-foil,false,,""
"Tariel, Reckoner of Souls",7,"Legendary Creature - Angel",BRW,"cma","194",Not Owned,Non-foil,false,,""
"Crackling Doom",3,"Instant",BRW,"c17","167",Not Owned,Non-foil,false,,""
"Mardu Charm",3,"Instant",BRW,"ktk","186",Not Owned,Non-foil,false,,""
"Warden of the First Tree",1,"Creature - Human",BGW,"frf","143",Not Owned,Non-foil,false,,""
"Anafenza, the Foremost",3,"Legendary Creature - Human Soldier",BGW,"ktk","163",Not Owned,Non-foil,false,,""
"Necravolver",3,"Creature - Volver",BGW,"apc","46",Not Owned,Non-foil,false,,""
"Daghatar the Adamant",4,"Legendary Creature - Human Warrior",BGW,"frf","9",Not Owned,Non-foil,false,,""
"Siege Rhino",4,"Creature - Rhino",BGW,"cp3","5",Not Owned,Non-foil,false,,""
"Teneb, the Harvester",6,"Legendary Creature - Dragon",BGW,"c17","198",Not Owned,Non-foil,false,,""
"Abzan Charm",3,"Instant",BGW,"mb1","1383",Not Owned,Non-foil,false,,""
"Sidisi, Brood Tyrant",4,"Legendary Creature - Naga Shaman",BGU,"ktk","199",Not Owned,Non-foil,false,,""
"The Mimeoplasm",5,"Legendary Creature - Ooze",BGU,"cm2","1",Not Owned,Non-foil,false,,""
"Kheru Lich Lord",6,"Creature - Zombie Wizard",BGU,"ktk","182",Not Owned,Non-foil,false,,""
"Muldrotha, the Gravetide",6,"Legendary Creature - Elemental Avatar",BGU,"dom","199",Not Owned,Non-foil,false,,""
"Vorosh, the Hunter",6,"Legendary Creature - Dragon",BGU,"cm2","3",Not Owned,Non-foil,false,,""
"Damia, Sage of Stone",7,"Legendary Creature - Gorgon Wizard",BGU,"cm2","2",Not Owned,Non-foil,false,,""
"Villainous Wealth",3,"Sorcery",BGU,"ktk","211",Not Owned,Non-foil,false,,""
"Yasova Dragonclaw",3,"Legendary Creature - Human Warrior",GRU,"frf","148",Not Owned,Non-foil,false,,""
"Bear's Companion",5,"Creature - Human Warrior",GRU,"mb1","1397",Not Owned,Non-foil,false,,""
"Surrak Dragonclaw",5,"Legendary Creature - Human Warrior",GRU,"ktk","206",Not Owned,Non-foil,false,,""
"Intet, the Dreamer",6,"Legendary Creature - Dragon",GRU,"c17","174",Not Owned,Non-foil,false,,""
"Maelstrom Wanderer",8,"Legendary Creature - Elemental",GRU,"pca","101",Not Owned,Non-foil,false,,""
"Sarkhan Unbroken",5,"Legendary Planeswalker - Sarkhan",GRU,"med","WS8",Not Owned,Non-foil,false,,""
"Temur Charm",3,"Instant",GRU,"ktk","208",Not Owned,Non-foil,false,,""
"Atraxa, Praetors' Voice",4,"Legendary Creature - Angel Horror",BGUW,"cm2","10",Not Owned,Non-foil,false,,""
"Urza, Academy Headmaster",5,"Legendary Planeswalker - Urza",BGRUW,"ust","136",Not Owned,Non-foil,false,,""
"Half-Kitten, Half-",0,"Creature - Cat",W,"ust","9",Not Owned,Non-foil,false,,""
"Half-Squirrel, Half-",0,"Creature - Squirrel",G,"ust","111",Not Owned,Non-foil,false,,""
"Humming-",0,"Creature - Bird",W,"ust","10",Not Owned,Non-foil,false,,""
"Multi-Headed",0,"Creature - Hydra",G,"ust","117",Not Owned,Non-foil,false,,""
"Ninja",0,"Creature - Ninja",B,"ust","61",Not Owned,Non-foil,false,,""
"Zombified",0,"Creature - Zombie",B,"ust","75",Not Owned,Non-foil,false,,""
"Elder Deep-Fiend",8,"Creature - Eldrazi Octopus",U,"emn","5",Not Owned,Non-foil,false,,""
"Karn Liberated",7,"Legendary Planeswalker - Karn",,"uma","5",Not Owned,Non-foil,false,,""
"Ornithopter",0,"Artifact Creature - Thopter",,"mb1","1615",Not Owned,Non-foil,false,,""
"Ornithopter",0,"Artifact Creature - Thopter",,"mb1","1615",Not Owned,Non-foil,false,,""
"Burnished Hart",3,"Artifact Creature - Elk",,"mb1","1555",Not Owned,Non-foil,false,,""
"Opaline Unicorn",3,"Artifact Creature - Unicorn",,"cn2","213",Not Owned,Non-foil,false,,""
"Pilgrim's Eye",3,"Artifact Creature - Thopter",,"mb1","1620",Not Owned,Non-foil,false,,""
"Voracious Vacuum",3,"Artifact Host Creature - Construct",,"ust","164",Not Owned,Non-foil,false,,""
"Crystalline Crawler",4,"Artifact Creature - Construct",,"cm2","183",Not Owned,Non-foil,false,,""
"Gnome-Made Engine",4,"Artifact Host Creature - Construct",,"ust","148",Not Owned,Non-foil,false,,""
"Solemn Simulacrum",4,"Artifact Creature - Golem",,"mb1","1632",Not Owned,Non-foil,false,,""
"Crosis's Attendant",5,"Artifact Creature - Golem",BRU,"inv","300",Not Owned,Non-foil,false,,""
"Labro Bot",5,"Artifact Host Creature - Hound",,"ust","152",Not Owned,Non-foil,false,,""
"Soul of New Phyrexia",6,"Artifact Creature - Avatar",,"c18","223",Not Owned,Non-foil,false,,""
"Soul of New Phyrexia",6,"Artifact Creature - Avatar",,"c18","223",Not Owned,Non-foil,false,,""
"Thopter Assembly",6,"Artifact Creature - Thopter",,"c18","226",Not Owned,Non-foil,false,,""
"Angelic Rocket",8,"Artifact Host Creature - Angel",,"ust","139",Not Owned,Non-foil,false,,""
"Lotus Bloom",0,"Artifact",,"mma","208",Not Owned,Non-foil,false,,""
"Lotus Petal",0,"Artifact",,"mb1","1601",Not Owned,Non-foil,false,,""
"Mishra's Bauble",0,"Artifact",,"mb1","1610",Not Owned,Non-foil,false,,""
"Urza's Bauble",0,"Artifact",,"5ed","406",Not Owned,Non-foil,false,,""
"Darkwater Egg",1,"Artifact",BU,"ody","299",Not Owned,Non-foil,false,,""
"Elixir of Immortality",1,"Artifact",,"mb1","1578",Not Owned,Non-foil,false,,""
"Expedition Map",1,"Artifact",,"mm2","213",Not Owned,Non-foil,false,,""
"Infiltration Lens",1,"Artifact - Equipment",,"som","167",Not Owned,Non-foil,false,,""
"Silver-Inlaid Dagger",1,"Artifact - Equipment",,"isd","233",Not Owned,Non-foil,false,,""
"Skullclamp",1,"Artifact - Equipment",,"mb1","1630",Not Owned,Non-foil,false,,""
"Skycloud Egg",1,"Artifact",UW,"ody","309",Not Owned,Non-foil,false,,""
"Sungrass Egg",1,"Artifact",GW,"ody","311",Not Owned,Non-foil,false,,""
"Wayfarer's Bauble",1,"Artifact",,"cm2","229",Not Owned,Non-foil,false,,""
"Ankh of Mishra",2,"Artifact",,"6ed","273",Not Owned,Non-foil,false,,""
"Armillary Sphere",2,"Artifact",,"mb1","1545",Not Owned,Non-foil,false,,""
"Boros Signet",2,"Artifact",RW,"gk1","97",Not Owned,Non-foil,false,,""
"Cloak and Dagger",2,"Tribal Artifact - Rogue Equipment",,"mor","141",Not Owned,Non-foil,false,,""
"Dimir Signet",2,"Artifact",BU,"gk1","22",Not Owned,Non-foil,false,,""
"Howling Mine",2,"Artifact",,"c16","257",Not Owned,Non-foil,false,,""
"Illusionist's Bracers",2,"Artifact - Equipment",,"gtc","231",Not Owned,Non-foil,false,,""
"Krark's Other Thumb",2,"Legendary Artifact",,"ust","151",Not Owned,Non-foil,false,,""
"Mortarpod",2,"Artifact - Equipment",,"mb1","1612",Not Owned,Non-foil,false,,""
"Mycosynth Wellspring",2,"Artifact",,"cm2","201",Not Owned,Non-foil,false,,""
"Orzhov Signet",2,"Artifact",BW,"gk2","48",Not Owned,Non-foil,false,,""
"Prismatic Lens",2,"Artifact",,"uma","234",Not Owned,Non-foil,false,,""
"Simic Signet",2,"Artifact",GU,"gk2","130",Not Owned,Non-foil,false,,""
"Smuggler's Copter",2,"Artifact - Vehicle",,"kld","235",Not Owned,Non-foil,false,,""
"Sphere of the Suns",2,"Artifact",,"mm2","231",Not Owned,Non-foil,false,,""
"Swiftfoot Boots",2,"Artifact - Equipment",,"c18","225",Not Owned,Non-foil,false,,""
"Sword of the Animist",2,"Legendary Artifact - Equipment",,"mb1","1638",Not Owned,Non-foil,false,,""
"Talisman of Indulgence",2,"Artifact",BR,"e01","91",Not Owned,Non-foil,false,,""
"Talisman of Unity",2,"Artifact",GW,"mrd","257",Not Owned,Non-foil,false,,""
"Chromatic Lantern",3,"Artifact",,"mb1","1559",Not Owned,Non-foil,false,,""
"Crystal Ball",3,"Artifact",,"mb1","1568",Not Owned,Non-foil,false,,""
"Darksteel Ingot",3,"Artifact",,"cm2","184",Not Owned,Non-foil,false,,""
"Disrupting Scepter",3,"Artifact",,"9ed","295",Not Owned,Non-foil,false,,""
"Dragon Blood",3,"Artifact",,"ddl","67",Not Owned,Non-foil,false,,""
"Drake-Skull Cameo",3,"Artifact",BU,"inv","302",Not Owned,Non-foil,false,,""
"Gruul Keyrune",3,"Artifact",GR,"gtc","230",Not Owned,Non-foil,false,,""
"Mad Science Fair Project",3,"Artifact",,"ust","154",Not Owned,Non-foil,false,,""
"Obelisk of Bant",3,"Artifact",GUW,"ala","212",Not Owned,Non-foil,false,,""
"Orzhov Keyrune",3,"Artifact",BW,"gtc","233",Not Owned,Non-foil,false,,""
"Simic Keyrune",3,"Artifact",GU,"c15","265",Not Owned,Non-foil,false,,""
"Sol Grail",3,"Artifact",,"all","130",Not Owned,Non-foil,false,,""
"Sword of Dungeons & Dragons",3,"Artifact - Equipment",,"ust","163",Not Owned,Non-foil,false,,""
"Tenza, Godo's Maul",3,"Legendary Artifact - Equipment",,"chk","271",Not Owned,Non-foil,false,,""
"Thousand-Year Elixir",3,"Artifact",,"cma","236",Not Owned,Non-foil,false,,""
"Haunted Plate Mail",4,"Artifact - Equipment",,"m15","218",Not Owned,Non-foil,false,,""
"Khalni Gem",4,"Artifact",,"zen","205",Not Owned,Non-foil,false,,""
"Moonsilver Spear",4,"Artifact - Equipment",,"c14","251",Not Owned,Non-foil,false,,""
"Panharmonicon",4,"Artifact",,"kld","226",Not Owned,Non-foil,false,,""
"Argentum Armor",6,"Artifact - Equipment",,"c17","202",Not Owned,Non-foil,false,,""
"Obelisk of Alara",6,"Artifact",BGRUW,"con","140",Not Owned,Non-foil,false,,""
"Eldrazi Conscription",8,"Tribal Enchantment - Eldrazi Aura",,"uma","3",Not Owned,Non-foil,false,,""
"Akoum Refuge",0,"Land",BR,"mb1","1651",Not Owned,Non-foil,false,,""
"Ancient Ziggurat",0,"Land",,"mb1","1653",Not Owned,Non-foil,false,,""
"Arcane Lighthouse",0,"Land",,"cm2","233",Not Owned,Non-foil,false,,""
"Blackcleave Cliffs",0,"Land",BR,"som","224",Not Owned,Non-foil,false,,""
"Boreal Shelf",0,"Snow Land",UW,"csp","144",Not Owned,Non-foil,false,,""
"Boros Garrison",0,"Land",RW,"c19","233",Not Owned,Non-foil,false,,""
"Caldera Lake",0,"Land",RU,"tmp","316",Not Owned,Non-foil,false,,""
"Cascade Bluffs",0,"Land",RU,"a25","237",Not Owned,Non-foil,false,,""
"Caves of Koilos",0,"Land",BW,"c16","285",Not Owned,Non-foil,false,,""
"Cinder Marsh",0,"Land",BR,"brb","13",Not Owned,Non-foil,false,,""
"City of Ass",0,"Land",,"unh","134",Not Owned,Non-foil,false,,""
"Cloudcrest Lake",0,"Land",UW,"chk","274",Not Owned,Non-foil,false,,""
"Crumbling Necropolis",0,"Land",BRU,"mb1","1661",Not Owned,Non-foil,false,,""
"Darigaaz's Caldera",0,"Land - Lair",BGR,"pls","137",Not Owned,Non-foil,false,,""
"Dimir Aqueduct",0,"Land",BU,"c19","239",Not Owned,Non-foil,false,,""
"Dimir Guildgate",0,"Land - Gate",BU,"grn","246",Not Owned,Non-foil,false,,""
"Drowned Catacomb",0,"Land",BU,"xln","253",Not Owned,Non-foil,false,,""
"Elfhame Palace",0,"Land",GW,"c17","247",Not Owned,Non-foil,false,,""
"Fetid Heath",0,"Land",BW,"a25","238",Not Owned,Non-foil,false,,""
"Flagstones of Trokair",0,"Legendary Land",W,"uma","243",Not Owned,Non-foil,false,,""
"Frontier Bivouac",0,"Land",GRU,"mb1","1669",Not Owned,Non-foil,false,,""
"Fungal Reaches",0,"Land",GR,"cmd","274",Not Owned,Non-foil,false,,""
"Graven Cairns",0,"Land",BR,"ima","237",Not Owned,Non-foil,false,,""
"Graypelt Refuge",0,"Land",GW,"mb1","1674",Not Owned,Non-foil,false,,""
"Highland Weald",0,"Snow Land",GR,"csp","147",Not Owned,Non-foil,false,,""
"Jungle Shrine",0,"Land",GRW,"mb1","1677",Not Owned,Non-foil,false,,""
"Jwar Isle Refuge",0,"Land",BU,"c18","260",Not Owned,Non-foil,false,,""
"Kazandu Refuge",0,"Land",GR,"mb1","1678",Not Owned,Non-foil,false,,""
"Lavaclaw Reaches",0,"Land",BR,"uma","245",Not Owned,Non-foil,false,,""
"Memorial to Glory",0,"Land",W,"dom","244",Not Owned,Non-foil,false,,""
"Murmuring Bosk",0,"Land - Forest",BGW,"cm2","258",Not Owned,Non-foil,false,,""
"Orzhov Basilica",0,"Land",BW,"mb1","1682",Not Owned,Non-foil,false,,""
"Pendelhaven",0,"Legendary Land",G,"a25","244",Not Owned,Non-foil,false,,""
"Rakdos Carnarium",0,"Land",BR,"c19","266",Not Owned,Non-foil,false,,""
"Razorverge Thicket",0,"Land",GW,"som","228",Not Owned,Non-foil,false,,""
"Reflecting Pool",0,"Land",,"cns","210",Not Owned,Non-foil,false,,""
"Rootbound Crag",0,"Land",GR,"xln","256",Not Owned,Non-foil,false,,""
"Rupture Spire",0,"Land",,"m19","255",Not Owned,Non-foil,false,,""
"Sacred Foundry",0,"Land - Mountain Plains",RW,"grn","254",Not Owned,Non-foil,false,,""
"Seaside Citadel",0,"Land",GUW,"c18","277",Not Owned,Non-foil,false,,""
"Sejiri Refuge",0,"Land",UW,"mb1","1687",Not Owned,Non-foil,false,,""
"Shivan Gorge",0,"Legendary Land",R,"v12","12",Not Owned,Non-foil,false,,""
"Shivan Oasis",0,"Land",GR,"dde","65",Not Owned,Non-foil,false,,""
"Shivan Reef",0,"Land",RU,"ddu","70",Not Owned,Non-foil,false,,""
"Simic Growth Chamber",0,"Land",GU,"c19","274",Not Owned,Non-foil,false,,""
"Springjack Pasture",0,"Land",,"c13","326",Not Owned,Non-foil,false,,""
"Sulfur Falls",0,"Land",RU,"dom","247",Not Owned,Non-foil,false,,""
"Sulfurous Springs",0,"Land",BR,"10e","359",Not Owned,Non-foil,false,,""
"Sunpetal Grove",0,"Land",GW,"xln","257",Not Owned,Non-foil,false,,""
"Temple of Deceit",0,"Land",BU,"thb","245",Not Owned,Non-foil,false,,""
"Temple of Plenty",0,"Land",GW,"thb","248",Not Owned,Non-foil,false,,""
"Temple of Silence",0,"Land",BW,"m20","256",Not Owned,Non-foil,false,,""
"Terminal Moraine",0,"Land",,"pls","142",Not Owned,Non-foil,false,,""
"Terramorphic Expanse",0,"Land",,"c19","281",Not Owned,Non-foil,false,,""
"Tranquil Garden",0,"Land",GW,"chk","284",Not Owned,Non-foil,false,,""
"Tresserhorn Sinks",0,"Snow Land",BR,"csp","150",Not Owned,Non-foil,false,,""
"Treva's Ruins",0,"Land - Lair",GUW,"pls","143",Not Owned,Non-foil,false,,""
"Unstable Frontier",0,"Land",,"con","145",Not Owned,Non-foil,false,,""
"Vivid Creek",0,"Land",U,"c17","290",Not Owned,Non-foil,false,,""
"Vivid Grove",0,"Land",G,"c17","291",Not Owned,Non-foil,false,,""
"Vivid Marsh",0,"Land",B,"c17","292",Not Owned,Non-foil,false,,""
"Vivid Meadow",0,"Land",W,"cm2","277",Not Owned,Non-foil,false,,""
"Wastes",0,"Basic Land",,"ogw","184a",Not Owned,Non-foil,false,,""
"Dryad Arbor",0,"Land Creature - Forest Dryad",G,"v12","5",Not Owned,Non-foil,false,,""
"Hired Heist",0,"Conspiracy",U,"cn2","5",Not Owned,Non-foil,false,,""
"Natural Unity",0,"Conspiracy",G,"cn2","9",Not Owned,Non-foil,false,,""
"""Ach! Hans, Run!""",6,"Enchantment",GR,"unh","116",Not Owned,Non-foil,false,,""
"Cruel Ultimatum",7,"Sorcery",BRU,"e01","82",Not Owned,Non-foil,false,,""
"Archfiend of Ifnir",5,"Creature - Demon",B,"akh","78",Not Owned,Non-foil,false,,""
"Fact or Fiction",4,"Instant",U,"mb1","371",Not Owned,Non-foil,false,,""
"Sengir Vampire",5,"Creature - Vampire",B,"mb1","766",Not Owned,Non-foil,false,,""
"Cunning Lethemancer",3,"Creature - Human Wizard",B,"ala","69",Not Owned,Non-foil,false,,""
"Abhorrent Overlord",7,"Creature - Demon",B,"ths","75",Not Owned,Non-foil,false,,""
"Aboshan, Cephalid Emperor",6,"Legendary Creature - Cephalid Noble",U,"ody","58",Not Owned,Non-foil,false,,""
"Reborn Hero",3,"Creature - Human Soldier",W,"tor","14",Not Owned,Non-foil,false,,""
"Demonic Consultation",1,"Instant",B,"ice","121",Not Owned,Non-foil,false,,""
"Qarsi High Priest",1,"Creature - Human Cleric",B,"frf","80",Not Owned,Non-foil,false,,""
"Grixis Grimblade",2,"Creature - Zombie Warrior",BRU,"arb","134",Owned,Non-foil,false,,""
"Temur Ascendancy",3,"Enchantment",GRU,"ktk","207",Owned,Non-foil,false,,""
"Witch-Maw Nephilim",4,"Creature - Nephilim",BGUW,"gpt","138",Owned,Non-foil,false,,""
"Arlinn Kord",4,"Legendary Planeswalker - Arlinn",GR,"v17","3",Owned,Non-foil,false,,""
"Cauldron of Souls",5,"Artifact",,"mb1","1558",Owned,Non-foil,false,,""
"Fowl Play",3,"Enchantment - Aura",U,"ugl","24",Owned,Non-foil,false,,""
"Fungal Sprouting",4,"Sorcery",G,"m13","173",Owned,Non-foil,false,,""
"Harvest Season",3,"Sorcery",G,"akh","170",Owned,Non-foil,false,,""
"Char",3,"Instant",R,"gk1","28",Owned,Non-foil,false,,""
"Thorn of the Black Rose",4,"Creature - Human Assassin",B,"mb1","792",Owned,Non-foil,false,,""
"Party Crasher",5,"Creature - Goblin Berserker",R,"ust","92",Owned,Non-foil,false,,""
"Magus of the Vineyard",1,"Creature - Human Wizard",G,"cmd","166",Owned,Non-foil,false,,""
"Possibility Storm",5,"Enchantment",R,"dgm","34",Owned,Non-foil,false,,""
"Greater Gargadon",10,"Creature - Beast",R,"mb1","968",Owned,Non-foil,false,,""
"Emmara, Soul of the Accord",2,"Legendary Creature - Elf Cleric",GW,"grn","168",Owned,Non-foil,false,,""
"Compulsory Rest",2,"Enchantment - Aura",W,"akh","9",Owned,Non-foil,false,,""
"Wrecking Ball",4,"Instant",BR,"gk2","74",Owned,Non-foil,false,,""
"Terror",2,"Instant",B,"dpa","34",Owned,Non-foil,false,,""
"Savannah Lions",1,"Creature - Cat",W,"mb1","218",Owned,Non-foil,false,,""
